"variables","beta","Std.Error","t","P","VIF","increR2"
"Final","2.19348293549749","0.578399201811208","3.79233396005525","0.000153915754036194","NA","NA"
"ROADS_EU_20p","0.000166539976223305","1.32772794774711e-05","12.543230449121","9.97118407665562e-35","1.83515629799071","0.365254923129732"
"no2_10MACC","0.813487793608287","0.0359904383165784","22.6028865348263","2.40057564575845e-100","1.16347046203138","0.472887689938133"
"MAJRDS_EU_1p","0.0162485851764373","0.00154062174641637","10.5467712722042","2.60486387907477e-25","1.70723298112657","0.550907006185128"
"RES_5","0.0948612302508638","0.00879085380400323","10.7909006753889","2.18553104406357e-26","1.47763465125895","0.579566647539294"
"ROADS_EU_1p","0.00806076198186484","0.00109296898478096","7.37510587592777","2.44302437912209e-13","1.99404447852784","0.591087868058967"
