"variables"	"beta"	"Std.Error"	"t"	"P"	"VIF"	"increR2"
"Final"	"-8.42816266098427"	"1.46288539891103"	"-5.76132803516814"	"9.4179937230761e-09"	"NA"	"NA"
"ROADS_EU_20p"	"0.000187021321611048"	"1.16807254652222e-05"	"16.0111049752756"	"6.86499740888603e-55"	"1.84162632677726"	"0.360808316183723"
"no2_10MACC"	"0.789288794302941"	"0.031398847489532"	"25.1375084568337"	"6.20140658534008e-124"	"1.18284523443781"	"0.47072330216954"
"MAJRDS_EU_1p"	"0.0150670057716901"	"0.001256969334633"	"11.986772752964"	"3.41776178143425e-32"	"1.47376780868312"	"0.540382575631836"
"Xcoord"	"2.55893437973604e-06"	"3.42244413841394e-07"	"7.47692080935447"	"1.06159163310823e-13"	"1.0516974376946"	"0.555144756978582"
"clc10_4p"	"0.149975920347237"	"0.0131343288167115"	"11.4186208096461"	"1.92539944564882e-29"	"1.55358059450652"	"0.580864580739485"
"ROADS_EUp"	"0.0210287966580229"	"0.00265118908094003"	"7.93183587289322"	"3.28460354541059e-15"	"1.5483775550459"	"0.591435361894299"
