"variables","beta","Std.Error","t","P","VIF","increR2"
"Final","1.9857692291612","0.628379628612603","3.16014259333259","0.00160431959991716","NA","NA"
"ROADS_EU_20p","0.000166317398233059","1.41758234936186e-05","11.7324681919134","1.22901391560395e-30","1.79797177263187","0.346095105589793"
"no2_10MACC","0.839344353393374","0.0385010556775566","21.8005542607148","2.97405001211127e-93","1.17592073943052","0.458281294408928"
"MAJRDS_EU_1p","0.0164467956132834","0.00149951979857849","10.9680416549849","4.1887090463915e-27","1.45338206718014","0.527184321918959"
"RES_6","0.0679179968251026","0.00712233538559044","9.53591668296203","4.85799886458674e-21","1.49779329354388","0.552805988244675"
"ROADS_EUp","0.0214728397612849","0.00321502319463575","6.67890663965107","3.2381432460191e-11","1.52027856099117","0.563838494644427"
