"variables","beta","Std.Error","t","P","VIF","increR2"
"Final","2.45934731442528","0.785397849419051","3.13133950677918","0.00177409336952297","NA","NA"
"ROADS_EU_20p","0.000125534922679743","1.8436030240208e-05","6.80921657450733","1.4210666144779e-11","2.18541743533175","0.318523069914172"
"no2_10MACC","0.881475876512966","0.0447707140681002","19.6886713750458","7.52888577101542e-77","1.14540192956545","0.434948034544044"
"MAJRDS_EU_1p","0.0168852545172002","0.00177141382487856","9.53207786913246","6.0484031923584e-21","1.44300667182391","0.496739998876488"
"clc10_4p","0.15849919283172","0.0190456668052351","8.32206057433251","1.93728537531761e-16","1.58867166289345","0.528004784389431"
"ROADS_EUp","0.0217376131636195","0.00382342202924419","5.68538157633533","1.56928910393589e-08","1.51954150276486","0.537193724759979"
"pop2011","0.000309011966313563","6.01421024602635e-05","5.1380306586011","3.14537091034148e-07","1.67786629913584","0.544981579368737"
