"variables","beta","Std.Error","t","P","VIF","increR2"
"Final","2.95445780706259","0.809847999559569","3.64816336975501","0.00027415123862088","NA","NA"
"ROADS_EU_50p","3.32726967038529e-05","3.94021789452491e-06","8.44437987809931","7.76743745520251e-17","1.7932248046488","0.331153113515826"
"ROADS_EU_1p","0.011027216399668","0.00145566071677393","7.57540288928511","6.60218948004171e-14","1.83516779283875","0.424128707845261"
"no2_10MACC","0.815223278221804","0.0548814742826197","14.8542525301653","2.36216907435564e-46","1.44736843896816","0.489491637350561"
"RES_5","0.120763004244103","0.0113355899714662","10.6534379373359","1.6650130843737e-25","1.27166510295198","0.523818857717816"
"MAJRDS_EU_1p","0.0156185007013247","0.00214017507176397","7.29776778889946","4.96821010787338e-13","1.65049639959481","0.541501475812378"
