"variables","beta","Std.Error","t","P","VIF","increR2"
"Final","3.84121803253582","0.750587193241975","5.11761733629458","3.49772147767558e-07","NA","NA"
"ROADS_EU_50p","2.77139356570085e-05","3.96771906221687e-06","6.98485331809859","4.28660351854632e-12","2.09916859938703","0.34285655668057"
"ROADS_EU_1p","0.00867056882093823","0.00134493427047571","6.4468346232797","1.53975857716893e-10","1.8669076502083","0.417736565503457"
"no2_10MACC","0.806708949106387","0.0491075466877314","16.4273926008999","7.45059802524034e-56","1.37941649206905","0.48992528558864"
"RES_5","0.0904323118288396","0.0110397145399788","8.19154440102159","5.49734878730484e-16","1.45309953775181","0.521250944393031"
"MAJRDS_EU_1p","0.0151977192831228","0.00194201215637413","7.82575908870622","9.51062178888872e-15","1.66392549630414","0.537567386310963"
"pop2011","0.000329461920499659","6.12768839069491e-05","5.37661022384815","8.80257757441415e-08","1.79536433271991","0.546080792805628"
