"variables","beta","Std.Error","t","P","VIF","increR2"
"Final","3.22253783844925","0.760014193326545","4.24010218065054","2.39838807216737e-05","NA","NA"
"ROADS_EU_50p","2.23365814706437e-05","3.90397153503932e-06","5.72150213447155","1.3197297231597e-08","2.43001061196405","0.390498075067362"
"ROADS_EU_1p","0.00820309324950381","0.00135412148366266","6.05787098755415","1.82151168398822e-09","1.85510736260126","0.471867462054828"
"no2_10MACC","0.79336994782051","0.0505785393462397","15.6859007412102","9.22268074609994e-51","1.47230560124492","0.540572271084875"
"clc10_5p","0.109706908899607","0.0112574944771484","9.74523319752027","1.11384025905683e-21","1.50540872933456","0.577847549717956"
"MAJRDS_EU_1p","0.0174747564594216","0.00204749332667556","8.53470740624817","4.00803730572174e-17","1.63728854437797","0.597770353112316"
"pop2011","0.00031528443741012","5.729678087565e-05","5.50265534279099","4.53286192711344e-08","1.77029953764384","0.606954755772624"
