"variables","beta","Std.Error","t","P","VIF","increR2"
"Final","1.56677714524386","0.704983818788163","2.22242993879928","0.0263912111569528","NA","NA"
"ROADS_EU_20p","0.00014456810150161","1.6664003928554e-05","8.67547212071226","9.79510374024242e-18","2.19915363342099","0.341613954442934"
"no2_10MACC","0.873272802950093","0.0406637446991834","21.475464431775","2.79804644787553e-90","1.16679922924228","0.462232246906841"
"MAJRDS_EU_1p","0.0245208447904426","0.00138975290603255","17.6440320318843","6.81366564624237e-64","1.06222900407615","0.54093712958851"
"clc10_3p","0.262314324264161","0.0273152919769457","9.60320411312302","2.80438317406115e-21","1.46658990227848","0.570132112383575"
"pop2011","0.000304769036980395","5.82138366362182e-05","5.23533672733023","1.86111061165251e-07","1.78032762817969","0.576989798650743"
