"variables","beta","Std.Error","t","P","VIF","increR2"
"Final","2.27539810148159","0.833586904516237","2.72964712995592","0.00642291438774353","NA","NA"
"ROADS_EU_20p","0.000169736167207057","1.88856738149925e-05","8.98756215265728","8.35315920105233e-19","2.00790537230827","0.35528124117094"
"no2_10MACC","0.858862689404172","0.0504530663972887","17.0230027772965","5.31601004062509e-59","1.21052685801417","0.446812975292398"
"ROADS_EU_1p","0.00958519006676511","0.00147291954700601","6.50761277915609","1.0747380034094e-10","1.9329376855738","0.510773658857876"
"clc10_5p","0.099650430166647","0.0131267186795253","7.59141965326637","5.88817325618295e-14","1.64387951248907","0.528185489686743"
"MAJRDS_EU_1p","0.0128910266591371","0.00204336866149377","6.30871310794861","3.81010208218704e-10","1.6587732642827","0.541404972132873"
