"variables","beta","Std.Error","t","P","VIF","increR2"
"Final","1.95039944218753","0.640301936583226","3.04606206970923","0.00235377530582635","NA","NA"
"ROADS_EU_20p","0.000164759711335946","1.39560634984819e-05","11.8056005802688","5.5095193758666e-31","1.78857529092011","0.349229633765808"
"no2_10MACC","0.796671860103348","0.0394639277870496","20.1873433481394","1.62068589441291e-81","1.20114904558117","0.450304103481955"
"MAJRDS_EU_1p","0.0175436217660826","0.00154701373276568","11.3403141772497","8.45084515926339e-29","1.42914536380892","0.525015312499749"
"clc10_4p","0.151202271610225","0.0156511523324432","9.66077566677304","1.5386978092165e-21","1.51900007310071","0.552549390419932"
"ROADS_EUp","0.0197239679163173","0.00320404038963919","6.15596731554886","9.26233723709272e-10","1.51911225014648","0.561924792827875"
