"variables","beta","Std.Error","t","P","VIF","increR2"
"Final","2.90501425912618","0.837916880918063","3.46694800556268","0.000542921999902622","NA","NA"
"ROADS_EU_20p","0.000191236260141925","1.81363981914509e-05","10.5443351057471","4.91152102464193e-25","1.75348367808605","0.330880235098515"
"no2_10MACC","0.911115496374411","0.0521484060847065","17.4715885830615","8.69696970680756e-62","1.20185698611753","0.426684516576546"
"MAJRDS_EU_1p","0.0196441215563181","0.00194439950447631","10.1029245847339","3.48655140859023e-23","1.46773221191364","0.506241523507238"
"RES_5","0.088948822372313","0.0125570037698658","7.08360242638228","2.25347374890942e-12","1.44084833138277","0.526079145041789"
"ROADS_EUp","0.0241061526733706","0.00430610238446855","5.59813736903187","2.6208309743064e-08","1.54251203615984","0.536480609978763"
