"variables","beta","Std.Error","t","P","VIF","increR2"
"Final","2.11748328935038","0.742107847846667","2.85333633850465","0.0043863130639065","NA","NA"
"ROADS_EU_20p","0.000179486902174553","1.67634775942847e-05","10.7070207339166","8.04538273579961e-26","1.83646691890194","0.346838937204835"
"no2_10MACC","0.876835324483615","0.0455249376805012","19.2605496933864","5.79005938276704e-74","1.15931703513232","0.454362705354638"
"MAJRDS_EU_1p","0.0176279577407065","0.00196907045205104","8.95242611677238","1.01464796070259e-18","1.64686126956851","0.523273500775445"
"RES_5","0.0983976465510052","0.0111201684437364","8.84857518560607","2.46655724126439e-18","1.47432239911058","0.54975233820091"
"ROADS_EU_1p","0.00779503326843694","0.00137528720842229","5.66793119335363","1.73376822922126e-08","1.94386551801355","0.558995741142581"
