"variables","beta","Std.Error","t","P","VIF","increR2"
"Final","1.86561530221878","0.593802744242639","3.14180983551746","0.00170503508444038","NA","NA"
"ROADS_EU_20p","0.000143789467120527","1.31531678356921e-05","10.9319267355765","5.10645537411836e-27","1.84401229132573","0.349873406002966"
"no2_10MACC","0.809346545613923","0.0351539499654531","23.0229190861708","1.28718143668196e-103","1.16966830785338","0.461926926199771"
"MAJRDS_EU_1p","0.0153324294534734","0.00139361341907813","11.0019243813078","2.46646180255469e-27","1.47145229907209","0.531112660242527"
"clc10_5p","0.114575545490874","0.00924559142466911","12.3924517349062","5.72838998977349e-34","1.59471130150056","0.569260047880769"
"ROADS_EUp","0.0212757065791061","0.0029894290510993","7.11697993678171","1.55892945429389e-12","1.55050095593147","0.580257825217316"
