"variables","beta","Std.Error","t","P","VIF","increR2"
"Final","0.98449479494421","0.702539193083892","1.40133789635655","0.161305188060411","NA","NA"
"ROADS_EU_20p","0.000194144516631338","1.51849359710964e-05","12.7853365335804","1.00284421240413e-35","1.74641382498746","0.352050003502681"
"no2_10MACC","0.865329831216987","0.0417285002937444","20.7371418844571","6.99628988557969e-85","1.17003504860961","0.467647883202681"
"MAJRDS_EU_1p","0.0223643398545042","0.00140358455910995","15.9337317508579","3.35873124855268e-53","1.0535473352753","0.5385049061909"
"clc10_4p","0.167449899921286","0.0171683935567493","9.75338195549791","7.06825078782251e-22","1.52837515630047","0.563906402807249"
