"variables","beta","Std.Error","t","P","VIF","increR2"
"Final","1.71666247742118","0.636537086254607","2.69687739252091","0.00707247382984502","NA","NA"
"ROADS_EU_20p","0.000146307891861653","1.34719671869839e-05","10.860172818934","1.4572321561011e-26","1.80151813843254","0.348242590921435"
"no2_10MACC","0.741516576999077","0.0374395903426435","19.8056808371243","2.75856708608611e-78","1.19094369175453","0.445281630768322"
"MAJRDS_EU_1p","0.0177062758459094","0.00146070738996551","12.1217130600862","2.01350469497376e-32","1.4793894306325","0.533599207544242"
"clc10_4p","0.160110491234192","0.0155412364043359","10.3023007351926","3.8106759868772e-24","1.50689848196683","0.56505547689711"
"ROADS_EUp","0.018849835993188","0.00307463713222915","6.13075142936352","1.09861148861142e-09","1.57398712244247","0.574737311869313"
