"variables","beta","Std.Error","t","P","VIF","increR2"
"Final","1.85940004292088","0.761044470220362","2.44322127770337","0.0146728426278061","NA","NA"
"ROADS_EU_20p","0.000127146050708171","1.81597360454059e-05","7.00153627730384","3.82546494057915e-12","2.34651309496292","0.349350378550637"
"no2_10MACC","0.882506839145804","0.0440394184414593","20.0390211855069","3.08544346767737e-79","1.1805445985383","0.467401482125876"
"ROADS_EU_1p","0.00710530382636448","0.00131167403134475","5.41697377288167","7.0639909320234e-08","1.91389184664645","0.525161513612485"
"clc10_4p","0.156471131909792","0.0184024287354368","8.50274353235138","4.45386383273367e-17","1.57663372301793","0.547215469741956"
"MAJRDS_EU_1p","0.0155166095020845","0.00189770727270835","8.1765031547461","6.21041782985426e-16","1.65390380574314","0.564194610566894"
"pop2011","0.00027613630533991","5.84680118237887e-05","4.72286121464385","2.54562279487538e-06","1.78932127078329","0.570366905035891"
