"variables","beta","Std.Error","t","P","VIF","increR2"
"Final","1.25323718415684","0.673760614757865","1.86006299078082","0.0630440877266302","NA","NA"
"ROADS_EU_20p","0.000127817813827772","1.69303491176771e-05","7.54962658710425","6.98151344254305e-14","2.43820121971806","0.354925684059823"
"no2_10MACC","0.884505546739343","0.0390736920475777","22.6368561655841","9.86891316843125e-100","1.15662614215611","0.474131119228932"
"MAJRDS_EU_1p","0.0151827767906549","0.00164861662051309","9.20940417665429","9.0760209272044e-20","1.75759478984495","0.543562906562908"
"clc10_5p","0.0863540001699412","0.0104047103365595","8.2995102580141","2.0613700355815e-16","1.67937539634298","0.56847881659481"
"ROADS_EU_1p","0.00830108093748197","0.00122490732348399","6.77690530404479","1.67169124267944e-11","2.05631679150224","0.579346170895972"
"pop2011","0.000286656213149454","5.63139173642872e-05","5.09032627396728","3.95872619902486e-07","1.79210307487942","0.585240213055198"
