"variables","beta","Std.Error","t","P","VIF","increR2"
"Final","1.62857768935122","0.630587565474576","2.58263527306563","0.009886942978983","NA","NA"
"ROADS_EU_20p","0.000142023949434683","1.40311492964465e-05","10.1220467713683","1.97333083326974e-23","1.94283362742512","0.35339669744233"
"no2_10MACC","0.783388276611056","0.0380301046798563","20.5991617221606","1.94641161475324e-84","1.17908468307505","0.456501993083332"
"ROADS_EU_1p","0.00809404583601891","0.00115714756731297","6.99482595362857","3.79079001364299e-12","2.06856980291206","0.531203691359914"
"clc10_5p","0.102087981581224","0.0099616893991077","10.2480590882876","5.81540922230077e-24","1.63935643181607","0.555412261522474"
"MAJRDS_EU_1p","0.0131831073972044","0.00156572146135634","8.41982927524303","7.83884842259832e-17","1.77900186154556","0.572782666071469"
