"variables","beta","Std.Error","t","P","VIF","increR2"
"Final","2.07342511049392","0.623516586194451","3.32537282311732","0.000901323261673172","NA","NA"
"ROADS_EU_20p","0.000161844594459618","1.40866778045805e-05","11.4891954444355","1.67255162035008e-29","1.75970139478859","0.34231875603042"
"no2_10MACC","0.891307613365658","0.0385343054662373","23.1302368780617","1.85850640365921e-103","1.18154278181848","0.467111601601515"
"MAJRDS_EU_1p","0.0181094497501528","0.00158194597120955","11.4475779070422","2.61558343156225e-29","1.48158873188345","0.538400293433621"
"RES_5","0.0982580041039611","0.00952959868598109","10.3108228732137","3.07714261812761e-24","1.46754286238511","0.56636427400843"
"ROADS_EUp","0.0198187243991711","0.00328349535255213","6.03586187011559","1.92713440844005e-09","1.55142123037569","0.574993878037106"
