"variables","beta","Std.Error","t","P","VIF","increR2"
"Final","2.97658251114522","0.873417028580308","3.40797398464224","0.000673637880586197","NA","NA"
"ROADS_EU_20p","0.000136026896257847","2.07001195849805e-05","6.57130968250756","7.09115925770287e-11","2.32649980288687","0.339043517582183"
"no2_10MACC","0.8735399817707","0.0508370149579884","17.1831485875516","4.97947574409586e-60","1.18594406919687","0.437411193270594"
"MAJRDS_EU_1p","0.0195721099768609","0.00197287273085062","9.92061457934095","1.924639016925e-22","1.43742869536151","0.506600614047726"
"clc10_4p","0.151711435739594","0.0209917145513738","7.22720554189629","8.20068588609933e-13","1.59553194730667","0.53168251193816"
"ROADS_EUp","0.0236193027590024","0.00412116546619194","5.73121922736754","1.22695792838594e-08","1.5195081255105","0.542584893616267"
"pop2011","0.000317548137492918","6.8414561190387e-05","4.64152852795813","3.79302898082439e-06","1.74339682264427","0.549401534943822"
