"variables","beta","Std.Error","t","P","VIF","increR2"
"Final","2.11661659279248","0.716331729498106","2.95479943946567","0.00317834520396647","NA","NA"
"ROADS_EU_20p","0.000179256751547852","1.59769430614864e-05","11.2197152395168","4.3191866419237e-28","1.74687249554283","0.349709844842207"
"no2_10MACC","0.889514302945103","0.0444825171800457","19.9969417050915","6.58397773391365e-79","1.17639949350666","0.463477292494726"
"MAJRDS_EU_1p","0.0151060881008743","0.00184875915005783","8.17093351527257","6.51357012169189e-16","1.60793802649369","0.52128336039986"
"RES_4","0.156028072960766","0.0167680909541384","9.30505883988286","4.68064701191525e-20","1.396473098409","0.551054023462614"
"ROADS_EU_1p","0.00700261717625091","0.00132303566017961","5.29284084096438","1.38615755218064e-07","1.90059732009416","0.559123076038284"
