"variables","beta","Std.Error","t","P","VIF","increR2"
"Final","1.31769934799972","0.669998127942349","1.96672094002194","0.0493736446095334","NA","NA"
"ROADS_EU_20p","0.000161671071957368","1.44105835475844e-05","11.2189122268035","2.97406078724263e-28","1.77268630013699","0.334048364726614"
"no2_10MACC","0.901692885463564","0.0394705731469198","22.8446869040191","2.84609481437408e-101","1.16569668799595","0.458416118189219"
"MAJRDS_EU_1p","0.0151408648003212","0.00154581424538452","9.7947504659946","4.34629097837101e-22","1.47612632358911","0.521081092866752"
"clc10_4p","0.158750634815841","0.0162074554049669","9.79491418296238","4.33962226747895e-22","1.52056085927721","0.548252539295541"
"ROADS_EUp","0.0197679261746476","0.00326308229949424","6.05805320255376","1.68382748385397e-09","1.56855532779054","0.557304224852331"
