"variables","beta","Std.Error","t","P","VIF","increR2"
"Final","2.51470484772963","0.605354123508979","4.15410542370301","3.41149461200376e-05","NA","NA"
"ROADS_EU_50p","2.11684533193425e-05","3.08042433786017e-06","6.87192769488609","8.57582252053604e-12","2.24622566354513","0.35435736461644"
"ROADS_EU_1p","0.00822656163055239","0.00106580574059022","7.7186313764802","1.89316250133951e-14","1.93872758422766","0.438465247562289"
"no2_10MACC","0.760026849177171","0.0388663701191434","19.5548708780197","1.10420540376958e-77","1.42890897436722","0.515419635663297"
"RES_15","0.0118291460795219","0.00177589129771094","6.66096291747655","3.55804858603544e-11","2.79260162840416","0.556349596839314"
"MAJRDS_EU_1p","0.0139562882127157","0.00150339929555937","9.28315468414726","4.37360072698421e-20","1.69936954138266","0.573185435266169"
"clc10_3p","0.188103071386286","0.0289340722247742","6.50109220454722","1.01801813510549e-10","2.1285299943814","0.58231912218536"
