"variables","beta","Std.Error","t","P","VIF","increR2"
"Final","2.16615625822213","0.577159835587252","3.75313063151406","0.000179898478904443","NA","NA"
"ROADS_EU_20p","0.000167072956144817","1.3284950784932e-05","12.5761065170308","6.78397641271971e-35","1.83554527315023","0.365350889247453"
"no2_10MACC","0.815269921537716","0.0360158184848521","22.6364402042011","1.30172742951775e-100","1.16427096427835","0.473023771975367"
"MAJRDS_EU_1p","0.0163928792261053","0.0015455309441184","10.6066328134609","1.4240069952045e-25","1.71434394059237","0.551764741157492"
"RES_5","0.0943465803730324","0.00877876135225352","10.7471403524158","3.41716818160124e-26","1.48183346120561","0.580337730953751"
"ROADS_EU_1p","0.00795097015817442","0.00109562540855645","7.25701512221249","5.74541144146456e-13","2.00619177728738","0.591469805660597"
