"variables","beta","Std.Error","t","P","VIF","increR2"
"Final","2.74304648042464","0.775663990254484","3.53638497453605","0.00042045932943488","NA","NA"
"ROADS_EU_50p","2.3222176042278e-05","3.95581208012225e-06","5.8703941370138","5.56176654742135e-09","2.43275218126016","0.405368219421912"
"ROADS_EU_1p","0.00821798934240138","0.00135238177423912","6.07667856735575","1.62572365228613e-09","1.93260000927934","0.480401226759772"
"no2_10MACC","0.81338981100219","0.0521609975635993","15.5938315790536","3.09120427064321e-50","1.53775921582639","0.550071091683013"
"clc10_6p","0.0786912743620898","0.00846238845869393","9.29894376111338","6.1132552096561e-20","1.54449755555198","0.586508258817098"
"MAJRDS_EU_1p","0.0139685703267762","0.00198031457915286","7.05371281604749","2.87479348707566e-12","1.68054953154873","0.599618067773812"
"pop2011","0.000330729596699473","5.70145403871402e-05","5.80079387562808","8.35045497191881e-09","1.71549541828517","0.609785813005425"
