"variables","beta","Std.Error","t","P","VIF","increR2"
"Final","1.52735107371656","0.638577963572628","2.39180047048843","0.0168727300702253","NA","NA"
"ROADS_EU_20p","0.000157657953970616","1.39471619667894e-05","11.30394515716","1.24660633519707e-28","1.85115741405122","0.355857511555056"
"no2_10MACC","0.789232079387451","0.0385099803783942","20.4942217999738","1.06694837105715e-83","1.18583401982124","0.455322578489773"
"ROADS_EU_1p","0.00966781940309854","0.00110102030974792","8.78078207777291","3.83787535553789e-18","1.76674977964859","0.532225483388256"
"MAJRDS_EUp","0.0429977794306905","0.00467086692113438","9.20552440407528","9.56236325886359e-20","1.47615010283676","0.551394048199794"
"clc10_4p","0.144014731184691","0.0157659014042575","9.13457007575859","1.79104051421948e-19","1.5277488038259","0.571889732882005"
