"variables","beta","Std.Error","t","P","VIF","increR2"
"Final","1.78607819990817","0.609893274970625","2.92850941829814","0.00345430869761049","NA","NA"
"ROADS_EU_20p","0.000135078240870278","1.40988588224671e-05","9.58079250038492","3.53884543480111e-21","1.93656743809283","0.346928888982991"
"no2_10MACC","0.791552143744088","0.0381377397984613","20.7550879503359","6.95981118534391e-85","1.18847465640215","0.450452619734681"
"MAJRDS_EU_1p","0.0154932741773796","0.00160055958396658","9.6799109090231","1.42227372037948e-21","1.70533410186914","0.533192005668719"
"RES_6","0.0712899374504019","0.0069867991919024","10.2035188778613","1.00760070167992e-23","1.55656905360272","0.565004550247665"
"ROADS_EU_1p","0.00789396293670011","0.00117799993606806","6.70115735578789","2.86013207244911e-11","2.00147817262336","0.5766649890905"
