"variables","beta","Std.Error","t","P","VIF","increR2"
"Final","2.4509449513692","0.774252074997764","3.16556458873717","0.00158493131503874","NA","NA"
"ROADS_EU_20p","0.000132909486263949","1.87804028545057e-05","7.07703063100492","2.43938600328788e-12","2.44974642871997","0.402592874709064"
"no2_10MACC","0.88732264581752","0.0466891651200396","19.0048942519357","5.26832897258422e-71","1.24668443726743","0.514065061000393"
"ROADS_EU_1p","0.00656695507955703","0.00136040886653114","4.82719220751766","1.55429583489522e-06","1.97023048057236","0.563705754916159"
"clc10_4p","0.134986065381011","0.0190045679319468","7.10282211436646","2.0391664327558e-12","1.61641317141143","0.581114684809795"
"MAJRDS_EU_1p","0.0141669269199691","0.00195310073109601","7.25355671339034","7.07269108199223e-13","1.69442427964266","0.594671516487253"
"pop2011","0.000360022877302079","5.98277390311535e-05","6.01765808189086","2.31697663967568e-09","1.74706568660792","0.60569095491853"
