"variables","beta","Std.Error","t","P","VIF","increR2"
"Final","3.36734078176752","0.794322104711193","4.239263595707","2.4073714194751e-05","NA","NA"
"ROADS_EU_20p","0.000145612803585024","1.9072076239227e-05","7.63486899688094","4.46750458927752e-14","2.45152452676806","0.389691167099072"
"no2_10MACC","0.807385774338562","0.0478868695086531","16.8602746979037","1.24170594540696e-57","1.22465993687829","0.488546934196928"
"MAJRDS_EU_1p","0.0151056926415285","0.00199064125662466","7.58835505456255","6.30189883393788e-14","1.66184029923086","0.5450230475215"
"clc10_4p","0.131806792571882","0.0195461367291207","6.74336798102462","2.35807498043365e-11","1.61529520355447","0.567589494658165"
"ROADS_EU_1p","0.00696083875012602","0.0013739294684707","5.06637269952002","4.66349846395325e-07","1.92862601611314","0.576158768683078"
"pop2011","0.00029542653928916","6.08907516488205e-05","4.85174728985108","1.37779394517455e-06","1.78468601762202","0.583654141992928"
