"variables","beta","Std.Error","t","P","VIF","increR2"
"Final","0.79936811581795","0.699527108007717","1.14272643142391","0.253321043948209","NA","NA"
"ROADS_EU_20p","0.000195402598495329","1.53250550294516e-05","12.7505316046047","1.48836374250811e-35","1.77818133230388","0.366200164809864"
"no2_10MACC","0.878361756579444","0.0414862155248533","21.1723760643638","4.93826284584598e-88","1.17747744243279","0.480579000510395"
"MAJRDS_EU_1p","0.020470052396405","0.00135410194111436","15.1170689405845","2.12657859983313e-48","1.06632946824111","0.542912404442449"
"clc10_4p","0.177356411793377","0.0172177628657869","10.3007814183455","3.81312016427105e-24","1.52752608653066","0.570745394312144"
