"variables","beta","Std.Error","t","P","VIF","increR2"
"Final","1.70867412346549","0.603632607323067","2.83065245769768","0.00469431775284082","NA","NA"
"ROADS_EU_20p","0.000154127996405783","1.33002837443179e-05","11.5883239311815","4.74121821532885e-30","1.81696216064364","0.356096669911335"
"no2_10MACC","0.793014812379794","0.0354812888380466","22.3502256639969","2.11646315519459e-98","1.16496390616799","0.460439787099651"
"ROADS_EU_1p","0.0100486554650558","0.00105844541456334","9.49378713988885","6.44363636864884e-21","1.78809814085261","0.538556728816239"
"MAJRDS_EU_2p","0.00663447503961362","0.000757333054896058","8.76031357237429","4.23202215436533e-18","1.54292096442961","0.55431774467481"
"clc10_4p","0.156987397455412","0.0148697195571916","10.5575224099964","2.33607222413731e-25","1.52025160686344","0.578853793613489"
