"variables","beta","Std.Error","t","P","VIF","increR2"
"Final","2.94516738144772","0.785312624198345","3.75031202949803","0.000184066208099623","NA","NA"
"ROADS_EU_20p","0.000181179970733736","1.86144232521136e-05","9.73331100726764","1.09562363952768e-21","2.01272699255219","0.354276319553249"
"no2_10MACC","0.878667782258905","0.0490933456932812","17.8978998039475","1.81308946991366e-64","1.18590844136464","0.452025852384885"
"ROADS_EU_1p","0.010422708314532","0.00145840691397808","7.14663940127801","1.44900794123678e-12","1.97316393448747","0.533000906172253"
"MAJRDS_EU_1p","0.0164277751231504","0.00201609237946711","8.14832459586627","8.31180791852552e-16","1.7142135306987","0.551667677666052"
"RES_7","0.0469880112185538","0.00723771180863582","6.49210861953485","1.18505313647879e-10","1.63430276235296","0.564880997220605"
