"variables","beta","Std.Error","t","P","VIF","increR2"
"Final","2.2928533623067","0.619981843337477","3.69825888765362","0.000223800988188222","NA","NA"
"ROADS_EU_50p","2.43798928171083e-05","3.35785617141278e-06","7.26055303519769","5.7802315416074e-13","2.05116949520393","0.34549641496871"
"no2_10MACC","0.861432603289557","0.0425089287245579","20.2647450579458","3.6118713573362e-82","1.39010219974406","0.430314606573007"
"ROADS_EU_1p","0.0086007542648316","0.00118355302671879","7.26689389547321","5.52299451966512e-13","1.85679760837593","0.516144055182501"
"RES_12","0.0282651182719279","0.00221559120210593","12.7573706941343","1.05752657614489e-35","1.57501048769845","0.55362383795117"
"MAJRDS_EU_1p","0.0157945565173317","0.00167909996925123","9.40656113785473","1.5551221834899e-20","1.6548783357067","0.57492236790867"
