"variables","beta","Std.Error","t","P","VIF","increR2"
"Final","1.80099630375888","0.540658366337221","3.33111705264088","0.000878256869021004","NA","NA"
"ROADS_EU_20p","0.00015830242710033","1.18007020241022e-05","13.4146618376608","1.33208830526128e-39","1.81584679462238","0.356291733230269"
"no2_10MACC","0.799898479414425","0.0318053392253216","25.1498175745785","6.52862394736607e-124","1.16865140018673","0.465580464385713"
"ROADS_EU_1p","0.00793506444802924","0.000985620173499668","8.05083404477608","1.28812864827474e-15","1.99773871905513","0.53729658658713"
"MAJRDS_EU_1p","0.0143480432372168","0.00137059366358125","10.4684879395448","4.21667311670361e-25","1.70965316912636","0.553980163920363"
"clc10_4p","0.15981436337465","0.013262827803514","12.0497955445299","1.69869238911936e-32","1.52266479830655","0.579560881371673"
