"variables","beta","Std.Error","t","P","VIF","increR2"
"Final","1.25717866057581","0.629458481105422","1.99723841732663","0.0459682805874046","NA","NA"
"ROADS_EU_20p","0.000156034736337444","1.39329521214585e-05","11.1989716879262","4.42395740568535e-28","1.85549039436912","0.352108157983184"
"no2_10MACC","0.774828318808031","0.0374701468763643","20.6785503500864","2.19206564824954e-84","1.18580853437669","0.459247739009796"
"MAJRDS_EU_1p","0.0169646322930489","0.00148488955987309","11.4248444810258","4.0775275125443e-29","1.41665342744415","0.542070034193221"
"clc10_5p","0.0917842468616843","0.00974485629698844","9.41873785148062","1.53428939467077e-20","1.60488385433351","0.569208405456532"
"ROADS_EUp","0.021830739600814","0.00317929723939057","6.86652991432742","9.38030438964555e-12","1.50383450095066","0.581270845737979"
