"variables","beta","Std.Error","t","P","VIF","increR2"
"Final","0.465260017205832","0.645213597498748","0.721094563117504","0.470948264020704","NA","NA"
"ROADS_EU_20p","0.0001480290027856","1.49179607148513e-05","9.92287120304807","1.30387339505831e-22","1.99589845958015","0.361626844312968"
"no2_10MACC","0.905791775774392","0.0389958676636366","23.2278913137003","3.56950691115788e-104","1.18023895767014","0.482896720856861"
"MAJRDS_EU_1p","0.0150839023042016","0.00162927794190373","9.25802891959418","5.93047190948356e-20","1.73968516381052","0.55086489295977"
"clc10_5p","0.106429306453537","0.0102810560548508","10.3519819253706","2.06280213227908e-24","1.66431098173306","0.580256794965436"
"ROADS_EU_1p","0.00738216503899259","0.00117669577475497","6.27363945496431","4.4412105555037e-10","2.02965746997046","0.589310504378157"
