"variables","beta","Std.Error","t","P","VIF","increR2"
"Final","0.999552062988933","0.644032397802376","1.55202139892293","0.120854993353315","NA","NA"
"ROADS_EU_20p","0.000139108016492832","1.4013748849866e-05","9.92653842902014","1.4134867697844e-22","1.87690176553647","0.352356007984202"
"no2_10MACC","0.791982093286324","0.0383745256206533","20.6382249806907","4.34934040141227e-84","1.18759616953139","0.457908002400904"
"MAJRDS_EU_1p","0.0145205590412942","0.00162428396522284","8.93966778727764","1.05127676352726e-18","1.81187308396832","0.533702052819564"
"clc10_4p","0.154034416972292","0.0157946941272309","9.75228869464013","7.23577317893041e-22","1.53571263426454","0.564483032549286"
"ROADS_EU_1p","0.00729615491499761","0.00119602523383049","6.10033526770194","1.32500218711949e-09","2.12931742403626","0.574122266750555"
