"variables","beta","Std.Error","t","P","VIF","increR2"
"Final","3.27988800905713","0.559367284430713","5.86356782090892","5.32985939264797e-09","NA","NA"
"ROADS_EU_20p","0.000124766159754761","1.54731202301495e-05","8.06341306077706","1.29962716516872e-15","2.46888276150246","0.356061490200353"
"no2_10MACC","0.803810129491939","0.035557192878232","22.6061188869616","2.09335668472324e-100","1.170486471417","0.466018871063302"
"ROADS_EU_1p","0.00997646161881611","0.00108683487674444","9.17937198399461","1.09794147052359e-19","1.93793144447327","0.53897597863707"
"RES_15","0.0155732946631339","0.00154796256393281","10.0605111686731","3.11484261454514e-23","2.11557207172233","0.561656561645768"
"MAJRDS_EU_1p","0.0113935214528035","0.00152251700029028","7.48334596633809","1.10174302913706e-13","1.70328800998159","0.573982271255519"
