"variables","beta","Std.Error","t","P","VIF","increR2"
"Final","1.01410543942445","0.686543364915995","1.47711782131714","0.139837824453378","NA","NA"
"ROADS_EU_20p","0.000181474278536991","1.51730532259402e-05","11.9603006616189","1.17153434998141e-31","1.77732717428724","0.352626635166585"
"no2_10MACC","0.87288553566364","0.0406735298503781","21.4607765511044","3.73737637740892e-90","1.15029733393495","0.472548352257455"
"MAJRDS_EU_1p","0.0143170715036154","0.00163424708318021","8.76065293367673","4.78225789664342e-18","1.5172179179668","0.532303621947208"
"clc10_4p","0.159556854247313","0.0168692638946772","9.45843607898379","1.05302393961093e-20","1.54769613072448","0.558878625581341"
"ROADS_EUp","0.0236267498430459","0.00350100944705251","6.74855358157838","2.07075932586253e-11","1.6026135934819","0.570640584918597"
