"variables","beta","Std.Error","t","P","VIF","increR2"
"Final","1.86249239835806","0.636284428807703","2.9271381068496","0.0034691898779735","NA","NA"
"ROADS_EU_20p","0.000132133166848347","1.4381325888722e-05","9.18782926350113","1.20343099556037e-19","1.95234352764887","0.344132703105052"
"no2_10MACC","0.73773237967827","0.0378499995812186","19.4909481595962","4.21911266591215e-76","1.17909886574801","0.442220441772033"
"ROADS_EU_1p","0.00737582079899679","0.00117900532990358","6.25596900363463","5.05739350320489e-10","2.09697696612273","0.509085022720877"
"clc10_5p","0.0997014187017318","0.00987305040704962","10.0983398839474","2.74656389885488e-23","1.5856630876736","0.535066185153632"
"MAJRDS_EU_1p","0.0126670547099293","0.00162573317922538","7.79159512261714","1.18076646425526e-14","1.76711970950075","0.5517522238659"
