"variables","beta","Std.Error","t","P","VIF","increR2"
"Final","1.62253301098741","0.666895761910332","2.4329634459509","0.0150766082230161","NA","NA"
"ROADS_EU_20p","0.000155473157484487","1.41924265709178e-05","10.954656464672","4.77755826699489e-27","1.79746097228428","0.341570174787569"
"no2_10MACC","0.796325915954942","0.039839386749848","19.9884079781419","3.9158894310283e-80","1.18104601338617","0.441429919929685"
"ROADS_EU_1p","0.00861138408757978","0.00122341508210865","7.03880818008013","2.7854770926012e-12","2.15028709442649","0.514988988938388"
"MAJRDS_EU_1p","0.0127114470879315","0.00167541538695992","7.5870421072094","5.31568332112181e-14","1.83576998351501","0.526846432199707"
"clc10_3p","0.247344295960535","0.0262925621358212","9.40738657125967","1.55896318251931e-20","1.45983054595959","0.549625222694373"
